{
    "policy": [
        [
            0.01,
            0.99
        ],
        [
            0.01,
            0.99
        ],
        [
            0.5,
            0.5
        ]
    ],
    "Q": [
        [
            3.451863073324432,
            8.819480072927034
        ],
        [
            2.1256062639065876,
            9.978017767289872
        ],
        [
            0.0,
            0.0
        ]
    ]
}