{
    "policy": [
        [
            0.03333333333333333,
            0.03333333333333333,
            0.03333333333333333,
            0.9
        ],
        [
            0.03333333333333333,
            0.03333333333333333,
            0.03333333333333333,
            0.9
        ],
        [
            0.03333333333333333,
            0.03333333333333333,
            0.03333333333333333,
            0.9
        ],
        [
            0.03333333333333333,
            0.9,
            0.03333333333333333,
            0.03333333333333333
        ],
        [
            0.03333333333333333,
            0.03333333333333333,
            0.03333333333333333,
            0.9
        ],
        [
            0.03333333333333333,
            0.03333333333333333,
            0.03333333333333333,
            0.9
        ],
        [
            0.25,
            0.25,
            0.25,
            0.25
        ],
        [
            0.03333333333333333,
            0.03333333333333333,
            0.9,
            0.03333333333333333
        ],
        [
            0.9,
            0.03333333333333333,
            0.03333333333333333,
            0.03333333333333333
        ],
        [
            0.25,
            0.25,
            0.25,
            0.25
        ],
        [
            0.03333333333333333,
            0.9,
            0.03333333333333333,
            0.03333333333333333
        ],
        [
            0.03333333333333333,
            0.03333333333333333,
            0.9,
            0.03333333333333333
        ],
        [
            0.03333333333333333,
            0.03333333333333333,
            0.9,
            0.03333333333333333
        ],
        [
            0.03333333333333333,
            0.03333333333333333,
            0.9,
            0.03333333333333333
        ],
        [
            0.03333333333333333,
            0.9,
            0.03333333333333333,
            0.03333333333333333
        ],
        [
            0.25,
            0.25,
            0.25,
            0.25
        ]
    ],
    "Q": [
        [
            0.9466929051891841,
            0.9299971078567589,
            0.924080824166004,
            0.9999197104445875
        ],
        [
            0.9115723722148892,
            0.9150775818025092,
            0.8580925931629522,
            0.9999220528892355
        ],
        [
            0.47247125799756745,
            0.4518757151571788,
            0.8608018945008712,
            0.999927845168305
        ],
        [
            0.9997815702614912,
            0.9999388743901223,
            0.9998626149302369,
            0.9998303856860498
        ],
        [
            0.6578088144794063,
            0.5196639001664224,
            0.7099649669314038,
            0.8542963463757884
        ],
        [
            0.4595521046434622,
            0.35174621880126833,
            0.22650233693746463,
            0.5798298392561589
        ],
        [
            0.0,
            0.0,
            0.0,
            0.0
        ],
        [
            0.8305264079030122,
            0.9125176163384245,
            0.9999636223873132,
            0.7058080681651098
        ],
        [
            0.43039646105981105,
            0.0,
            0.06411073804746695,
            0.0
        ],
        [
            0.0,
            0.0,
            0.0,
            0.0
        ],
        [
            0.05629755925666433,
            0.45450508136791395,
            0.19748611894036397,
            0.120125772197738
        ],
        [
            0.7437912856854461,
            0.7840383163193253,
            0.9999817489458764,
            0.9108237540240772
        ],
        [
            0.0076844031704082355,
            0.04982140632184544,
            0.22708514851490924,
            0.04169836410663717
        ],
        [
            0.009483654333736002,
            0.0076844031704082355,
            0.3251450174911573,
            0.03802738280864015
        ],
        [
            0.1596458968891675,
            0.5975545374356096,
            0.1601570649694216,
            0.08357237001057943
        ],
        [
            0.0,
            0.0,
            0.0,
            0.0
        ]
    ]
}