{
    "policy": [
        [
            0.1,
            0.9
        ],
        [
            0.1,
            0.9
        ],
        [
            0.5,
            0.5
        ]
    ],
    "Q": [
        [
            7.3541533556940175,
            8.770305370957203
        ],
        [
            7.375474889416226,
            9.899401967386503
        ],
        [
            0.0,
            0.0
        ]
    ]
}