{
    "policy": [
        [
            0.03333333333333333,
            0.03333333333333333,
            0.03333333333333333,
            0.9
        ],
        [
            0.03333333333333333,
            0.03333333333333333,
            0.03333333333333333,
            0.9
        ],
        [
            0.03333333333333333,
            0.03333333333333333,
            0.03333333333333333,
            0.9
        ],
        [
            0.03333333333333333,
            0.03333333333333333,
            0.9,
            0.03333333333333333
        ],
        [
            0.9,
            0.03333333333333333,
            0.03333333333333333,
            0.03333333333333333
        ],
        [
            0.03333333333333333,
            0.03333333333333333,
            0.03333333333333333,
            0.9
        ],
        [
            0.25,
            0.25,
            0.25,
            0.25
        ],
        [
            0.03333333333333333,
            0.03333333333333333,
            0.9,
            0.03333333333333333
        ],
        [
            0.03333333333333333,
            0.9,
            0.03333333333333333,
            0.03333333333333333
        ],
        [
            0.25,
            0.25,
            0.25,
            0.25
        ],
        [
            0.03333333333333333,
            0.03333333333333333,
            0.9,
            0.03333333333333333
        ],
        [
            0.03333333333333333,
            0.03333333333333333,
            0.9,
            0.03333333333333333
        ],
        [
            0.03333333333333333,
            0.9,
            0.03333333333333333,
            0.03333333333333333
        ],
        [
            0.03333333333333333,
            0.9,
            0.03333333333333333,
            0.03333333333333333
        ],
        [
            0.03333333333333333,
            0.9,
            0.03333333333333333,
            0.03333333333333333
        ],
        [
            0.25,
            0.25,
            0.25,
            0.25
        ]
    ],
    "Q": [
        [
            0.2267284740303927,
            0.27588076416991125,
            0.275314283839756,
            0.4349958320850273
        ],
        [
            0.3362205979879505,
            0.35346982673185456,
            0.37414819451868386,
            0.4714578247208535
        ],
        [
            0.30375898532154244,
            0.41035916523924015,
            0.409908153770323,
            0.5126171887350325
        ],
        [
            0.580180642922614,
            0.6318433778395297,
            0.6965042823361104,
            0.5826052850321699
        ],
        [
            0.19813588992036954,
            0.13089812788523345,
            0.06557330129127913,
            0.05338551082873457
        ],
        [
            0.09316362298607692,
            0.014723830713626974,
            0.013571813092487303,
            0.15839578487238395
        ],
        [
            0.0,
            0.0,
            0.0,
            0.0
        ],
        [
            0.4323533020104765,
            0.5064280859894645,
            0.7683951174052694,
            0.4406102909489095
        ],
        [
            0.12715683210061898,
            0.2376619079323217,
            0.17486281269459528,
            0.043302044554478586
        ],
        [
            0.0,
            0.0,
            0.0,
            0.0
        ],
        [
            0.04487449728434211,
            0.07754062479657889,
            0.4413832386313195,
            0.0
        ],
        [
            0.7091885686208194,
            0.6998355590818697,
            0.9150595081690024,
            0.6463771415247906
        ],
        [
            0.4499746910682825,
            0.6536549662992103,
            0.48848033038062877,
            0.5227334227958492
        ],
        [
            0.2940631813412608,
            0.7242835645571242,
            0.31179614988937804,
            0.5076893514062606
        ],
        [
            0.2943866117782715,
            0.8159737613879743,
            0.41162453803873683,
            0.49109054739937275
        ],
        [
            0.0,
            0.0,
            0.0,
            0.0
        ]
    ]
}